Manufacturer,Category
ETC (Electronic Theatre Controls),Lighting & Control
Vari-Lite,Lighting
Martin Professional,Lighting
Chauvet Professional,Lighting
GLP (German Light Products),Lighting
Robe Lighting,Lighting
Clay Paky,Lighting
Elation Professional,Lighting
Astera LED,Lighting
BeamZ,Lighting
Briteq,Lighting
Xinyu Lighting,Lighting
SELF Electronics,Lighting
Lightpower,Lighting
PR Lighting,Lighting
Allen & Heath,Audio & Control
Behringer,Audio
JBL Professional,Audio
Meyer Sound,Audio
L-Acoustics,Audio
d&b audiotechnik,Audio
QSC,Audio
Electro-Voice (EV),Audio
RCF,Audio
Martin Audio,Audio
Yamaha Professional Audio,Audio
T.I Audio,Audio
MIPRO,Audio
Shure,Audio
Sennheiser,Audio
AKG (by Harman),Audio
Audix,Audio
Audio-Technica,Audio
DiGiCo,Console & Mixing
Avid (VENUE),Console & Mixing
Yamaha Rivage,Console & Mixing
Midas,Console & Mixing
Soundcraft,Console & Mixing
Allen & Heath dLive,Console & Mixing
Madrigal,Control Systems
ChamSys,Control Systems
MA Lighting,Control Systems
Harman Professional,Audio & Lighting
Riedel Communications,Networking & Intercom
Clear-Com,Intercom Systems
Disguise,Media Servers & Playback
Barbizon Lighting Company,Lighting
Creative Stage Lighting Company,Lighting
Stage Lighting Services,Lighting
Global Truss,Rigging & Structures
Alutruss,Rigging & Structures
TRUSSLITE,Rigging & Structures
